CREATE TABLE `country` (
  `Code` char(3) NOT NULL,
  `Name` char(52) NOT NULL,
  `Continent` char(20) NOT NULL DEFAULT 'Europe',
  `Region` char(26) DEFAULT NULL,
  `SurfaceArea` decimal(10,2) DEFAULT NULL,
  `IndepYear` smallint(6) DEFAULT NULL,
  `Population` int(11) DEFAULT NULL,
  `LifeExpectancy` decimal(3,1) DEFAULT NULL,
  `GNP` decimal(10,2) DEFAULT NULL,
  `GNPOld` decimal(10,2) DEFAULT NULL,
  `LocalName` char(45) DEFAULT NULL,
  `GovernmentForm` char(45) DEFAULT NULL,
  `HeadOfState` char(60) DEFAULT NULL,
  `Capital` int(11) DEFAULT NULL,
  `Code2` char(2) DEFAULT NULL,
  PRIMARY KEY (`Code`)
);

INSERT INTO `country` VALUES ('ALB','Albania','Europe','Southern Europe',28748.00,1912,3401200,71.6,3205.00,2500.00,'Shqipëria','Republic','Rexhep Mejdani',34,'AL'),('AND','Andorra','Europe','Southern Europe',468.00,1278,78000,83.5,1630.00,NULL,'Andorra','Parliamentary Coprincipality','',55,'AD'),('AUT','Austria','Europe','Western Europe',83859.00,1918,8091800,77.7,211860.00,206025.00,'Österreich','Federal Republic','Thomas Klestil',1523,'AT'),('BEL','Belgium','Europe','Western Europe',30518.00,1830,10239000,77.8,249704.00,243948.00,'België/Belgique','Constitutional Monarchy, Federation','Albert II',179,'BE'),('BGR','Bulgaria','Europe','Eastern Europe',110994.00,1908,8190900,70.9,12178.00,10169.00,'Balgarija','Republic','Petar Stojanov',539,'BG'),('BIH','Bosnia and Herzegovina','Europe','Southern Europe',51197.00,1992,3972000,71.5,2841.00,NULL,'Bosna i Hercegovina','Federal Republic','Ante Jelavic',201,'BA'),('BLR','Belarus','Europe','Eastern Europe',207600.00,1991,10236000,68.0,13714.00,NULL,'Belarus','Republic','Aljaksandr Lukašenka',3520,'BY'),('CHE','Switzerland','Europe','Western Europe',41284.00,1499,7160400,79.6,264478.00,256092.00,'Schweiz/Suisse/Svizzera/Svizra','Federation','Adolf Ogi',3248,'CH'),('CZE','Czech Republic','Europe','Eastern Europe',78866.00,1993,10278100,74.5,55017.00,52037.00,'¸esko','Republic','Václav Havel',3339,'CZ'),('DEU','Germany','Europe','Western Europe',357022.00,1955,82164700,77.4,2133367.00,2102826.00,'Deutschland','Federal Republic','Johannes Rau',3068,'DE'),('DNK','Denmark','Europe','Nordic Countries',43094.00,800,5330000,76.5,174099.00,169264.00,'Danmark','Constitutional Monarchy','Margrethe II',3315,'DK'),('ESP','Spain','Europe','Southern Europe',505992.00,1492,39441700,78.8,553233.00,532031.00,'España','Constitutional Monarchy','Juan Carlos I',653,'ES'),('EST','Estonia','Europe','Baltic Countries',45227.00,1991,1439200,69.5,5328.00,3371.00,'Eesti','Republic','Lennart Meri',3791,'EE'),('FIN','Finland','Europe','Nordic Countries',338145.00,1917,5171300,77.4,121914.00,119833.00,'Suomi','Republic','Tarja Halonen',3236,'FI'),('FRA','France','Europe','Western Europe',551500.00,843,59225700,78.8,1424285.00,1392448.00,'France','Republic','Jacques Chirac',2974,'FR'),('FRO','Faroe Islands','Europe','Nordic Countries',1399.00,NULL,43000,78.4,0.00,NULL,'Føroyar','Part of Denmark','Margrethe II',901,'FO'),('GBR','United Kingdom','Europe','British Islands',242900.00,1066,59623400,77.7,1378330.00,1296830.00,'United Kingdom','Constitutional Monarchy','Elisabeth II',456,'GB'),('GIB','Gibraltar','Europe','Southern Europe',6.00,NULL,25000,79.0,258.00,NULL,'Gibraltar','Dependent Territory of the UK','Elisabeth II',915,'GI'),('GRC','Greece','Europe','Southern Europe',131626.00,1830,10545700,78.4,120724.00,119946.00,'Elláda','Republic','Kostis Stefanopoulos',2401,'GR'),('HRV','Croatia','Europe','Southern Europe',56538.00,1991,4473000,73.7,20208.00,19300.00,'Hrvatska','Republic','Štipe Mesic',2409,'HR'),('HUN','Hungary','Europe','Eastern Europe',93030.00,1918,10043200,71.4,48267.00,45914.00,'Magyarország','Republic','Ferenc Mádl',3483,'HU'),('IRL','Ireland','Europe','British Islands',70273.00,1921,3775100,76.8,75921.00,73132.00,'Ireland/Éire','Republic','Mary McAleese',1447,'IE'),('ISL','Iceland','Europe','Nordic Countries',103000.00,1944,279000,79.4,8255.00,7474.00,'Ísland','Republic','Ólafur Ragnar Grímsson',1449,'IS'),('ITA','Italy','Europe','Southern Europe',301316.00,1861,57680000,79.0,1161755.00,1145372.00,'Italia','Republic','Carlo Azeglio Ciampi',1464,'IT'),('LIE','Liechtenstein','Europe','Western Europe',160.00,1806,32300,78.8,1119.00,1084.00,'Liechtenstein','Constitutional Monarchy','Hans-Adam II',2446,'LI'),('LTU','Lithuania','Europe','Baltic Countries',65301.00,1991,3698500,69.1,10692.00,9585.00,'Lietuva','Republic','Valdas Adamkus',2447,'LT'),('LUX','Luxembourg','Europe','Western Europe',2586.00,1867,435700,77.1,16321.00,15519.00,'Luxembourg/Lëtzebuerg','Constitutional Monarchy','Henri',2452,'LU'),('LVA','Latvia','Europe','Baltic Countries',64589.00,1991,2424200,68.4,6398.00,5639.00,'Latvija','Republic','Vaira Vike-Freiberga',2434,'LV'),('MCO','Monaco','Europe','Western Europe',1.50,1861,34000,78.8,776.00,NULL,'Monaco','Constitutional Monarchy','Rainier III',2695,'MC'),('MDA','Moldova','Europe','Eastern Europe',33851.00,1991,4380000,64.5,1579.00,1872.00,'Moldova','Republic','Vladimir Voronin',2690,'MD'),('MKD','Macedonia','Europe','Southern Europe',25713.00,1991,2024000,73.8,1694.00,1915.00,'Makedonija','Republic','Boris Trajkovski',2460,'MK'),('MLT','Malta','Europe','Southern Europe',316.00,1964,380200,77.9,3512.00,3338.00,'Malta','Republic','Guido de Marco',2484,'MT'),('NLD','Netherlands','Europe','Western Europe',41526.00,1581,15864000,78.3,371362.00,360478.00,'Nederland','Constitutional Monarchy','Beatrix',5,'NL'),('NOR','Norway','Europe','Nordic Countries',323877.00,1905,4478500,78.7,145895.00,153370.00,'Norge','Constitutional Monarchy','Harald V',2807,'NO'),('POL','Poland','Europe','Eastern Europe',323250.00,1918,38653600,73.2,151697.00,135636.00,'Polska','Republic','Aleksander Kwasniewski',2928,'PL'),('PRT','Portugal','Europe','Southern Europe',91982.00,1143,9997600,75.8,105954.00,102133.00,'Portugal','Republic','Jorge Sampãio',2914,'PT'),('ROM','Romania','Europe','Eastern Europe',238391.00,1878,22455500,69.9,38158.00,34843.00,'România','Republic','Ion Iliescu',3018,'RO'),('RUS','Russian Federation','Europe','Eastern Europe',17075400.00,1991,146934000,67.2,276608.00,442989.00,'Rossija','Federal Republic','Vladimir Putin',3580,'RU'),('SJM','Svalbard and Jan Mayen','Europe','Nordic Countries',62422.00,NULL,3200,NULL,0.00,NULL,'Svalbard og Jan Mayen','Dependent Territory of Norway','Harald V',938,'SJ'),('SMR','San Marino','Europe','Southern Europe',61.00,885,27000,81.1,510.00,NULL,'San Marino','Republic',NULL,3171,'SM'),('SVK','Slovakia','Europe','Eastern Europe',49012.00,1993,5398700,73.7,20594.00,19452.00,'Slovensko','Republic','Rudolf Schuster',3209,'SK'),('SVN','Slovenia','Europe','Southern Europe',20256.00,1991,1987800,74.9,19756.00,18202.00,'Slovenija','Republic','Milan Kucan',3212,'SI'),('SWE','Sweden','Europe','Nordic Countries',449964.00,836,8861400,79.6,226492.00,227757.00,'Sverige','Constitutional Monarchy','Carl XVI Gustaf',3048,'SE'),('UKR','Ukraine','Europe','Eastern Europe',603700.00,1991,50456000,66.0,42168.00,49677.00,'Ukrajina','Republic','Leonid Kutšma',3426,'UA'),('VAT','Holy See (Vatican City State)','Europe','Southern Europe',0.40,1929,1000,NULL,9.00,NULL,'Santa Sede/Città del Vaticano','Independent Church State','Johannes Paavali II',3538,'VA'),('YUG','Yugoslavia','Europe','Southern Europe',102173.00,1918,10640000,72.4,17000.00,NULL,'Jugoslavija','Federal Republic','Vojislav Koštunica',1792,'YU');

CREATE TABLE `city` (
  `ID` int(11) NOT NULL,
  `Name` char(35) NOT NULL,
  `CountryCode` char(3) NOT NULL,
  `District` char(20) DEFAULT NULL,
  `Population` int(11) DEFAULT NULL,
  PRIMARY KEY (`ID`),
  CONSTRAINT `city_ibfk_1` FOREIGN KEY (`CountryCode`) REFERENCES `country` (`Code`)
) ;

INSERT INTO `city` VALUES (5,'Amsterdam','NLD','Noord-Holland',731200),(34,'Tirana','ALB','Tirana',270000),(55,'Andorra la Vella','AND','Andorra la Vella',21189),(179,'Bruxelles [Brussel]','BEL','Bryssel',133859),(201,'Sarajevo','BIH','Federaatio',360000),(456,'London','GBR','England',7285000),(539,'Sofija','BGR','Grad Sofija',1122302),(653,'Madrid','ESP','Madrid',2879052),(901,'Tórshavn','FRO','Streymoyar',14542),(915,'Gibraltar','GIB','–',27025),(938,'Longyearbyen','SJM','Länsimaa',1438),(1447,'Dublin','IRL','Leinster',481854),(1449,'Reykjavík','ISL','Höfuðborgarsvæði',109184),(1464,'Roma','ITA','Latium',2643581),(1523,'Wien','AUT','Wien',1608144),(1792,'Beograd','YUG','Central Serbia',1204000),(2401,'Athenai','GRC','Attika',772072),(2409,'Zagreb','HRV','Grad Zagreb',706770),(2434,'Riga','LVA','Riika',764328),(2446,'Vaduz','LIE','Vaduz',5043),(2447,'Vilnius','LTU','Vilna',577969),(2452,'Luxembourg [Luxemburg/Lëtzebuerg]','LUX','Luxembourg',80700),(2460,'Skopje','MKD','Skopje',444299),(2484,'Valletta','MLT','Inner Harbour',7073),(2690,'Chisinau','MDA','Chisinau',719900),(2695,'Monaco-Ville','MCO','–',1234),(2807,'Oslo','NOR','Oslo',508726),(2914,'Lisboa','PRT','Lisboa',563210),(2928,'Warszawa','POL','Mazowieckie',1615369),(2974,'Paris','FRA','Île-de-France',2125246),(3018,'Bucuresti','ROM','Bukarest',2016131),(3048,'Stockholm','SWE','Lisboa',750348),(3068,'Berlin','DEU','Berliini',3386667),(3171,'San Marino','SMR','San Marino',2294),(3209,'Bratislava','SVK','Bratislava',448292),(3212,'Ljubljana','SVN','Osrednjeslovenska',270986),(3236,'Helsinki [Helsingfors]','FIN','Newmaa',555474),(3248,'Bern','CHE','Bern',122700),(3315,'København','DNK','København',495699),(3339,'Praha','CZE','Hlavní mesto Praha',1181126),(3426,'Kyiv','UKR','Kiova',2624000),(3483,'Budapest','HUN','Budapest',1811552),(3520,'Minsk','BLR','Horad Minsk',1674000),(3538,'Città del Vaticano','VAT','–',455),(3580,'Moscow','RUS','Moscow (City)',8389200),(3791,'Tallinn','EST','Harjumaa',403981);

CREATE TABLE `countrylanguage` (
  `CountryCode` char(3) NOT NULL,
  `Language` char(30) NOT NULL,
  `IsOfficial` char(1) NOT NULL DEFAULT 'F',
  `Percentage` decimal(4,1) DEFAULT NULL,
  PRIMARY KEY (`CountryCode`,`Language`),
  CONSTRAINT `countryLanguage_ibfk_1` FOREIGN KEY (`CountryCode`) REFERENCES `country` (`Code`)
);

INSERT INTO `countrylanguage` VALUES ('ALB','Albaniana','T',97.9),('ALB','Greek','F',1.8),('ALB','Macedonian','F',0.1),('AND','Catalan','T',32.3),('AND','French','F',6.2),('AND','Portuguese','F',10.8),('AND','Spanish','F',44.6),('AUT','Czech','F',0.2),('AUT','German','T',92.0),('AUT','Hungarian','F',0.4),('AUT','Polish','F',0.2),('AUT','Romanian','F',0.2),('AUT','Serbo-Croatian','F',2.2),('AUT','Slovene','F',0.4),('AUT','Turkish','F',1.5),('BEL','Arabic','F',1.6),('BEL','Dutch','T',59.2),('BEL','French','T',32.6),('BEL','German','T',1.0),('BEL','Italian','F',2.4),('BEL','Turkish','F',0.9),('BGR','Bulgariana','T',83.2),('BGR','Macedonian','F',2.6),('BGR','Romani','F',3.7),('BGR','Turkish','F',9.4),('BIH','Serbo-Croatian','T',99.2),('BLR','Belorussian','T',65.6),('BLR','Polish','F',0.6),('BLR','Russian','T',32.0),('BLR','Ukrainian','F',1.3),('CHE','French','T',19.2),('CHE','German','T',63.6),('CHE','Italian','T',7.7),('CHE','Romansh','T',0.6),('CZE','Czech','T',81.2),('CZE','German','F',0.5),('CZE','Hungarian','F',0.2),('CZE','Moravian','F',12.9),('CZE','Polish','F',0.6),('CZE','Romani','F',0.3),('CZE','Silesiana','F',0.4),('CZE','Slovak','F',3.1),('DEU','German','T',91.3),('DEU','Greek','F',0.4),('DEU','Italian','F',0.7),('DEU','Polish','F',0.3),('DEU','Southern Slavic Languages','F',1.4),('DEU','Turkish','F',2.6),('DNK','Arabic','F',0.7),('DNK','Danish','T',93.5),('DNK','English','F',0.3),('DNK','German','F',0.5),('DNK','Norwegian','F',0.3),('DNK','Swedish','F',0.3),('DNK','Turkish','F',0.8),('ESP','Basque','F',1.6),('ESP','Catalan','F',16.9),('ESP','Galecian','F',6.4),('ESP','Spanish','T',74.4),('EST','Belorussian','F',1.4),('EST','Estonian','T',65.3),('EST','Finnish','F',0.7),('EST','Russian','F',27.8),('EST','Ukrainian','F',2.8),('FIN','Estonian','F',0.2),('FIN','Finnish','T',92.7),('FIN','Russian','F',0.4),('FIN','Saame','F',0.0),('FIN','Swedish','T',5.7),('FRA','Arabic','F',2.5),('FRA','French','T',93.6),('FRA','Italian','F',0.4),('FRA','Portuguese','F',1.2),('FRA','Spanish','F',0.4),('FRA','Turkish','F',0.4),('FRO','Danish','T',0.0),('FRO','Faroese','T',100.0),('GBR','English','T',97.3),('GBR','Gaeli','F',0.1),('GBR','Kymri','F',0.9),('GIB','Arabic','F',7.4),('GIB','English','T',88.9),('GRC','Greek','T',98.5),('GRC','Turkish','F',0.9),('HRV','Serbo-Croatian','T',95.9),('HRV','Slovene','F',0.0),('HUN','German','F',0.4),('HUN','Hungarian','T',98.5),('HUN','Romani','F',0.5),('HUN','Romanian','F',0.1),('HUN','Serbo-Croatian','F',0.2),('HUN','Slovak','F',0.1),('IRL','English','T',98.4),('IRL','Irish','T',1.6),('ISL','English','F',0.0),('ISL','Icelandic','T',95.7),('ITA','Albaniana','F',0.2),('ITA','French','F',0.5),('ITA','Friuli','F',1.2),('ITA','German','F',0.5),('ITA','Italian','T',94.1),('ITA','Romani','F',0.2),('ITA','Sardinian','F',2.7),('ITA','Slovene','F',0.2),('LIE','German','T',89.0),('LIE','Italian','F',2.5),('LIE','Turkish','F',2.5),('LTU','Belorussian','F',1.4),('LTU','Lithuanian','T',81.6),('LTU','Polish','F',7.0),('LTU','Russian','F',8.1),('LTU','Ukrainian','F',1.1),('LUX','French','T',4.2),('LUX','German','T',2.3),('LUX','Italian','F',4.6),('LUX','Luxembourgish','T',64.4),('LUX','Portuguese','F',13.0),('LVA','Belorussian','F',4.1),('LVA','Latvian','T',55.1),('LVA','Lithuanian','F',1.2),('LVA','Polish','F',2.1),('LVA','Russian','F',32.5),('LVA','Ukrainian','F',2.9),('MCO','English','F',6.5),('MCO','French','T',41.9),('MCO','Italian','F',16.1),('MCO','Monegasque','F',16.1),('MDA','Bulgariana','F',1.6),('MDA','Gagauzi','F',3.2),('MDA','Romanian','T',61.9),('MDA','Russian','F',23.2),('MDA','Ukrainian','F',8.6),('MKD','Albaniana','F',22.9),('MKD','Macedonian','T',66.5),('MKD','Romani','F',2.3),('MKD','Serbo-Croatian','F',2.0),('MKD','Turkish','F',4.0),('MLT','English','T',2.1),('MLT','Maltese','T',95.8),('NLD','Arabic','F',0.9),('NLD','Dutch','T',95.6),('NLD','Fries','F',3.7),('NLD','Turkish','F',0.8),('NOR','Danish','F',0.4),('NOR','English','F',0.5),('NOR','Norwegian','T',96.6),('NOR','Saame','F',0.0),('NOR','Swedish','F',0.3),('POL','Belorussian','F',0.5),('POL','German','F',1.3),('POL','Polish','T',97.6),('POL','Ukrainian','F',0.6),('PRT','Portuguese','T',99.0),('ROM','German','F',0.4),('ROM','Hungarian','F',7.2),('ROM','Romani','T',0.7),('ROM','Romanian','T',90.7),('ROM','Serbo-Croatian','F',0.1),('ROM','Ukrainian','F',0.3),('RUS','Avarian','F',0.4),('RUS','Bashkir','F',0.7),('RUS','Belorussian','F',0.3),('RUS','Chechen','F',0.6),('RUS','Chuvash','F',0.9),('RUS','Kazakh','F',0.4),('RUS','Mari','F',0.4),('RUS','Mordva','F',0.5),('RUS','Russian','T',86.6),('RUS','Tatar','F',3.2),('RUS','Udmur','F',0.3),('RUS','Ukrainian','F',1.3),('SJM','Norwegian','T',0.0),('SJM','Russian','F',0.0),('SMR','Italian','T',100.0),('SVK','Czech and Moravian','F',1.1),('SVK','Hungarian','F',10.5),('SVK','Romani','F',1.7),('SVK','Slovak','T',85.6),('SVK','Ukrainian and Russian','F',0.6),('SVN','Hungarian','F',0.5),('SVN','Serbo-Croatian','F',7.9),('SVN','Slovene','T',87.9),('SWE','Arabic','F',0.8),('SWE','Finnish','F',2.4),('SWE','Norwegian','F',0.5),('SWE','Southern Slavic Languages','F',1.3),('SWE','Spanish','F',0.6),('SWE','Swedish','T',89.5),('UKR','Belorussian','F',0.3),('UKR','Bulgariana','F',0.3),('UKR','Hungarian','F',0.3),('UKR','Polish','F',0.1),('UKR','Romanian','F',0.7),('UKR','Russian','F',32.9),('UKR','Ukrainian','T',64.7),('VAT','Italian','T',0.0),('YUG','Albaniana','F',16.5),('YUG','Hungarian','F',3.4),('YUG','Macedonian','F',0.5),('YUG','Romani','F',1.4),('YUG','Serbo-Croatian','T',75.2),('YUG','Slovak','F',0.7);
